{"BLEU": 35.25106396532268, "chrF++": 56.83598843255708, "TER": 56.954789323907086, "AP": 0.8499756613769444, "AL": 10.747181317619267, "DAL": 11.508328951259017, "LAAL": 9.01903718750737, "ATD_text": 7.197582288877745, "total_time_sec": 402.14589247299955, "ms_per_sentence": 1.2997184721663797, "target_tokens_per_sec": 21959.321642438288, "source_tokens_per_sec": 19354.324253162864, "first_token_latency_sec": null, "peak_gpu_memory_mb": 10552.41259765625, "generation_total_time_sec": 357.9446112120022, "generation_ms_per_sentence": 1.1568618054103041, "generation_target_tokens_per_sec": 24670.998594164317}