{"BLEU": 32.27106616237191, "chrF++": 54.48710916382547, "TER": 61.459391630016654, "AP": 0.664396702324487, "AL": 4.475786190097053, "DAL": 5.225169324126155, "LAAL": 4.77064398457948, "ATD_text": 3.172723006380224, "total_time_sec": 376.4664445729977, "ms_per_sentence": 1.2167235854464877, "target_tokens_per_sec": 23786.84509360997, "source_tokens_per_sec": 20674.517243702998, "first_token_latency_sec": null, "peak_gpu_memory_mb": 4870.98583984375, "generation_total_time_sec": 330.00678893600707, "generation_ms_per_sentence": 1.0665679484696908, "generation_target_tokens_per_sec": 27135.650841827046}