{"BLEU": 35.20622573038628, "chrF++": 56.81140171947199, "TER": 57.04033153045114, "AP": 0.8311857994634554, "AL": 9.896898297704976, "DAL": 10.672374056706378, "LAAL": 8.535203538336447, "ATD_text": 6.723756167942194, "total_time_sec": 508.73524195799837, "ms_per_sentence": 1.6442107299634736, "target_tokens_per_sec": 17369.494525267324, "source_tokens_per_sec": 15299.238892992975, "first_token_latency_sec": null, "peak_gpu_memory_mb": 5286.4970703125, "generation_total_time_sec": 459.89650973002426, "generation_ms_per_sentence": 1.486366018325278, "generation_target_tokens_per_sec": 19214.04884152595}