{"BLEU": 35.257363990256536, "chrF++": 56.8460657804199, "TER": 56.920867414415476, "COMET": 0.8285029576862757, "AP": 0.8669448546912264, "AL": 11.573429175260452, "DAL": 12.318438984460718, "LAAL": 9.473361651385325, "ATD_text": 7.644876233497971, "total_time_sec": 512.5158371159996, "ms_per_sentence": 1.6564294532044848, "target_tokens_per_sec": 17230.491938927673, "source_tokens_per_sec": 15186.38339801856, "first_token_latency_sec": null, "peak_gpu_memory_mb": 7646.03369140625, "dataset_fraction": 1.0, "eval_dataset_size": 309410, "full_dataset_size": 309410, "generation_total_time_sec": 460.8773698260193, "generation_ms_per_sentence": 1.489536116563845, "generation_target_tokens_per_sec": 19161.062308903678}