{"BLEU": 34.451777380053656, "chrF++": 56.16760712764305, "TER": 58.27140912530797, "COMET": 0.82040767441968, "AP": 0.7305274362183886, "AL": 6.320220457098759, "DAL": 7.0995701448791335, "LAAL": 6.182454476386909, "ATD_text": 4.451102953246316, "total_time_sec": 507.2369374600021, "ms_per_sentence": 1.6393682733589803, "target_tokens_per_sec": 17484.28859382768, "source_tokens_per_sec": 15344.43063033781, "first_token_latency_sec": null, "peak_gpu_memory_mb": 7646.03369140625, "dataset_fraction": 1.0, "eval_dataset_size": 309410, "full_dataset_size": 309410, "generation_total_time_sec": 460.45712899299906, "generation_ms_per_sentence": 1.488177916011115, "generation_target_tokens_per_sec": 19260.592227978825}