{"BLEU": 35.039390589296055, "chrF++": 56.671057567051676, "TER": 57.33772246897342, "AP": 0.786327213001359, "AL": 8.13803584202057, "DAL": 8.926129812094912, "LAAL": 7.441594417378618, "ATD_text": 5.658090285368608, "total_time_sec": 507.46870880299684, "ms_per_sentence": 1.6401173485116733, "target_tokens_per_sec": 17431.541780902335, "source_tokens_per_sec": 15337.422514895437, "first_token_latency_sec": null, "peak_gpu_memory_mb": 5286.4970703125, "generation_total_time_sec": 459.96464307702263, "generation_ms_per_sentence": 1.486586222413699, "generation_target_tokens_per_sec": 19231.830387708113}