{"BLEU": 35.21261044488232, "chrF++": 56.81123059374358, "TER": 57.02862931791092, "AP": 0.8310896291815405, "AL": 9.89782528535633, "DAL": 10.67209052889656, "LAAL": 8.531122227283733, "ATD_text": 6.720109272773502, "total_time_sec": 381.256707960998, "ms_per_sentence": 1.2322055135936074, "target_tokens_per_sec": 23171.922789890297, "source_tokens_per_sec": 20414.75425213034, "first_token_latency_sec": null, "peak_gpu_memory_mb": 4870.98583984375, "generation_total_time_sec": 329.97886167500474, "generation_ms_per_sentence": 1.066477688746339, "generation_target_tokens_per_sec": 26772.778580892937}