{"BLEU": 35.05895832416267, "chrF++": 56.674609591437516, "TER": 57.31736448765344, "AP": 0.7862514333791565, "AL": 8.138808263484663, "DAL": 8.925775570438663, "LAAL": 7.437746455647556, "ATD_text": 5.65545762744165, "total_time_sec": 380.2887407820017, "ms_per_sentence": 1.229077084716078, "target_tokens_per_sec": 23255.526792126788, "source_tokens_per_sec": 20466.716905672758, "first_token_latency_sec": null, "peak_gpu_memory_mb": 4870.98583984375, "generation_total_time_sec": 329.66451556398533, "generation_ms_per_sentence": 1.0654617354448315, "generation_target_tokens_per_sec": 26826.711952513688}