{"BLEU": 35.039390589296055, "chrF++": 56.671057567051676, "TER": 57.33772246897342, "COMET": 0.8260877536049368, "AP": 0.786327213001359, "AL": 8.138035842020571, "DAL": 8.92612981209491, "LAAL": 7.44159441737862, "ATD_text": 5.658090285368609, "total_time_sec": 509.64664756899947, "ms_per_sentence": 1.6471563542516383, "target_tokens_per_sec": 17357.049324654632, "source_tokens_per_sec": 15271.879128658937, "first_token_latency_sec": null, "peak_gpu_memory_mb": 7698.03759765625, "dataset_fraction": 1.0, "eval_dataset_size": 309410, "full_dataset_size": 309410, "generation_total_time_sec": 460.6857636469831, "generation_ms_per_sentence": 1.4889168535179311, "generation_target_tokens_per_sec": 19201.726421870797}