{"BLEU": 32.23075330505572, "chrF++": 54.499283690741926, "TER": 61.479870501962054, "AP": 0.6645900322666223, "AL": 4.475102289445078, "DAL": 5.225846177727018, "LAAL": 4.774298562475839, "ATD_text": 3.1745753019531127, "total_time_sec": 501.29456542399566, "ms_per_sentence": 1.6201627789146946, "target_tokens_per_sec": 17874.973355079343, "source_tokens_per_sec": 15526.324314760735, "first_token_latency_sec": null, "peak_gpu_memory_mb": 5286.4970703125, "generation_total_time_sec": 460.76634810102405, "generation_ms_per_sentence": 1.489177299056346, "generation_target_tokens_per_sec": 19447.225338677214}