{"BLEU": 35.20622573038628, "chrF++": 56.81140171947199, "TER": 57.04033153045114, "COMET": 0.8279173936102614, "AP": 0.8311857994634555, "AL": 9.896898297704979, "DAL": 10.672374056706376, "LAAL": 8.535203538336443, "ATD_text": 6.723756167942194, "total_time_sec": 510.0674350269983, "ms_per_sentence": 1.6485163214731207, "target_tokens_per_sec": 17324.128915487967, "source_tokens_per_sec": 15259.28037258059, "first_token_latency_sec": null, "peak_gpu_memory_mb": 7704.03759765625, "dataset_fraction": 1.0, "eval_dataset_size": 309410, "full_dataset_size": 309410, "generation_total_time_sec": 460.4737466669394, "generation_ms_per_sentence": 1.4882316236286461, "generation_target_tokens_per_sec": 19189.9626503385}