{"BLEU": 35.257363990256536, "chrF++": 56.8460657804199, "TER": 56.920867414415476, "AP": 0.8669448546912264, "AL": 11.573429175260452, "DAL": 12.318438984460718, "LAAL": 9.473361651385325, "ATD_text": 7.644876233497969, "total_time_sec": 509.60032522399706, "ms_per_sentence": 1.6470066423968102, "target_tokens_per_sec": 17329.070573332814, "source_tokens_per_sec": 15273.267332745192, "first_token_latency_sec": null, "peak_gpu_memory_mb": 5281.9697265625, "generation_total_time_sec": 459.7719595479648, "generation_ms_per_sentence": 1.4859634774181985, "generation_target_tokens_per_sec": 19207.13044066954}