{"BLEU": 34.451777380053656, "chrF++": 56.16760712764305, "TER": 58.27140912530797, "AP": 0.7305274362183884, "AL": 6.32022045709876, "DAL": 7.0995701448791335, "LAAL": 6.1824544763869085, "ATD_text": 4.451102953246315, "total_time_sec": 505.1873632679999, "ms_per_sentence": 1.632744136479105, "target_tokens_per_sec": 17555.22335837843, "source_tokens_per_sec": 15406.68386804246, "first_token_latency_sec": null, "peak_gpu_memory_mb": 5286.4970703125, "generation_total_time_sec": 459.95882217303733, "generation_ms_per_sentence": 1.4865674094988441, "generation_target_tokens_per_sec": 19281.458627319444}