{"BLEU": 34.47525047299003, "chrF++": 56.16746652209361, "TER": 58.26195547840047, "AP": 0.7304746368559976, "AL": 6.3215980513560845, "DAL": 7.0995424374257965, "LAAL": 6.178942626368124, "ATD_text": 4.450144690416921, "total_time_sec": 379.57191362600133, "ms_per_sentence": 1.22676032974371, "target_tokens_per_sec": 23360.77744871529, "source_tokens_per_sec": 20505.368602348648, "first_token_latency_sec": null, "peak_gpu_memory_mb": 4870.98583984375, "generation_total_time_sec": 329.99743358399064, "generation_ms_per_sentence": 1.0665377123686717, "generation_target_tokens_per_sec": 26870.193818471485}