{"BLEU": 32.23075330505572, "chrF++": 54.499283690741926, "TER": 61.479870501962054, "COMET": 0.8001670514951444, "AP": 0.6645900322666223, "AL": 4.475102289445077, "DAL": 5.225846177727015, "LAAL": 4.77429856247584, "ATD_text": 3.174575301953112, "total_time_sec": 502.0180051690004, "ms_per_sentence": 1.6225009054943291, "target_tokens_per_sec": 17849.214386212057, "source_tokens_per_sec": 15503.9498979321, "first_token_latency_sec": null, "peak_gpu_memory_mb": 10002.07666015625, "dataset_fraction": 1.0, "eval_dataset_size": 309410, "full_dataset_size": 309410, "generation_total_time_sec": 457.39686202298617, "generation_ms_per_sentence": 1.4782872629294017, "generation_target_tokens_per_sec": 19590.48638936594}