{"BLEU": 27.33954323527312, "chrF++": 48.33307336856948, "TER": 68.24947392339534, "COMET": 0.7202204866017241, "AP": 0.6565518551917635, "AL": 5.150947258796486, "DAL": 5.910790855085973, "LAAL": 5.512756663223482, "ATD_text": 3.708761406233232, "total_time_sec": 48.871246378999786, "ms_per_sentence": 1.5794979599560384, "target_tokens_per_sec": 21328.08301872764, "source_tokens_per_sec": 17783.74943131106, "first_token_latency_sec": 1.453538867013051, "peak_gpu_memory_mb": 10382.99267578125, "dataset_fraction": 0.1, "eval_dataset_size": 30941, "full_dataset_size": 309410, "generation_total_time_sec": 44.54824307998206, "generation_ms_per_sentence": 1.4397803264271374, "generation_target_tokens_per_sec": 23397.78020265799}