{"BLEU": 23.013824272399408, "chrF++": 44.437024883324405, "TER": 70.90319804060474, "AP": 0.8426106540183653, "AL": 10.747623826512974, "DAL": 11.46364065419409, "LAAL": 9.14278960995555, "ATD_text": 6.948665957603651, "total_time_sec": 1103.69313168, "ms_per_sentence": 3.567089401376814, "target_tokens_per_sec": 7698.129811741368, "source_tokens_per_sec": 7052.016340948513, "first_token_latency_sec": 3.5202686554727878, "peak_gpu_memory_mb": 11259.07470703125, "generation_total_time_sec": 1065.019768214001, "generation_ms_per_sentence": 3.4420987305323067, "generation_target_tokens_per_sec": 7977.666944387432}