{"BLEU": 28.33474737198009, "chrF++": 48.859562450452394, "TER": 66.20918584088282, "COMET": 0.7327200235013166, "AP": 0.7103063038579653, "AL": 6.972653376039123, "DAL": 7.7749469512559655, "LAAL": 6.946630605793728, "ATD_text": 4.988313666452424, "total_time_sec": 48.39252470900101, "ms_per_sentence": 1.5640258785753858, "target_tokens_per_sec": 21241.648502145697, "source_tokens_per_sec": 17959.674665172923, "first_token_latency_sec": 1.4448156619997095, "peak_gpu_memory_mb": 10070.96923828125, "dataset_fraction": 0.1, "eval_dataset_size": 30941, "full_dataset_size": 309410, "generation_total_time_sec": 44.26700765899295, "generation_ms_per_sentence": 1.4306909168738229, "generation_target_tokens_per_sec": 23221.2894966523}