{"BLEU": 19.307028531627243, "chrF++": 42.8440178745355, "TER": 75.92354393286217, "AP": 0.7286032306337071, "AL": 6.3117160280462965, "DAL": 7.070142213712164, "LAAL": 6.2276347960108644, "ATD_text": 4.421809553107602, "total_time_sec": 1133.6887463069997, "ms_per_sentence": 3.6640339559387214, "target_tokens_per_sec": 7791.098772720934, "source_tokens_per_sec": 6865.4311206263965, "first_token_latency_sec": 3.5943705920896782, "peak_gpu_memory_mb": 11259.09130859375, "generation_total_time_sec": 1087.4261096659939, "generation_ms_per_sentence": 3.514515076002695, "generation_target_tokens_per_sec": 8122.557405498553}