{"BLEU": 28.037714791686778, "chrF++": 49.831935168938344, "TER": 65.99632008936234, "AP": 0.7287203675133733, "AL": 6.318419506579318, "DAL": 7.0838540553726155, "LAAL": 6.214181891433729, "ATD_text": 4.392455154677043, "total_time_sec": 484.9009285840002, "ms_per_sentence": 1.5671792397918627, "target_tokens_per_sec": 18168.78145753812, "source_tokens_per_sec": 16051.241689160206, "first_token_latency_sec": 1.457412943174074, "peak_gpu_memory_mb": 5630.20361328125, "generation_total_time_sec": 441.06289165696944, "generation_ms_per_sentence": 1.4254965633204144, "generation_target_tokens_per_sec": 19974.609441530396}