{"BLEU": 28.085253275459753, "chrF++": 49.56050000334846, "TER": 65.82692814503007, "AP": 0.7839712047551884, "AL": 8.13737410957781, "DAL": 8.908922184518717, "LAAL": 7.484698845949543, "ATD_text": 5.577577308784585, "total_time_sec": 489.41860635699413, "ms_per_sentence": 1.5817801827898068, "target_tokens_per_sec": 17895.455722848892, "source_tokens_per_sec": 15903.077445164998, "first_token_latency_sec": 1.4613928396313807, "peak_gpu_memory_mb": 5630.20361328125, "generation_total_time_sec": 442.25022030301625, "generation_ms_per_sentence": 1.4293339591578043, "generation_target_tokens_per_sec": 19804.103192982097}