{"BLEU": 27.757488825244888, "chrF++": 48.09262540914466, "TER": 66.44648837691783, "COMET": 0.7250371837066173, "AP": 0.8062999644425944, "AL": 10.609161033742836, "DAL": 11.451786069829321, "LAAL": 9.497909199909934, "ATD_text": 7.420363346341241, "total_time_sec": 48.44514869699924, "ms_per_sentence": 1.5657266635531897, "target_tokens_per_sec": 21014.343590260443, "source_tokens_per_sec": 17940.16580351283, "first_token_latency_sec": 1.4455783849710349, "peak_gpu_memory_mb": 10487.00048828125, "dataset_fraction": 0.1, "eval_dataset_size": 30941, "full_dataset_size": 309410, "generation_total_time_sec": 44.3026432350016, "generation_ms_per_sentence": 1.4318426435797678, "generation_target_tokens_per_sec": 22979.283529423552}