{"BLEU": 15.942651560682462, "chrF++": 40.31886596029305, "TER": 83.91924989784742, "AP": 0.6695667132456714, "AL": 4.445575378589931, "DAL": 5.214453476494708, "LAAL": 4.900603967628312, "ATD_text": 3.4015512600502076, "total_time_sec": 1155.7412360569997, "ms_per_sentence": 3.735306667712743, "target_tokens_per_sec": 7895.86865580172, "source_tokens_per_sec": 6734.433069597717, "first_token_latency_sec": 3.6599253484858103, "peak_gpu_memory_mb": 11259.10693359375, "generation_total_time_sec": 1107.2287028159994, "generation_ms_per_sentence": 3.5785162173685388, "generation_target_tokens_per_sec": 8241.82120350659}