{"BLEU": 21.230588410232453, "chrF++": 43.91656439159847, "TER": 73.09845090752593, "AP": 0.7821399570006013, "AL": 8.135245175809844, "DAL": 8.892435422719851, "LAAL": 7.482933006954201, "ATD_text": 5.533906969754106, "total_time_sec": 1135.0933148680006, "ms_per_sentence": 3.6685734619695567, "target_tokens_per_sec": 7684.821050165723, "source_tokens_per_sec": 6856.935811400767, "first_token_latency_sec": 3.5702525989145597, "peak_gpu_memory_mb": 11259.07568359375, "generation_total_time_sec": 1080.2068792360033, "generation_ms_per_sentence": 3.4911828293720406, "generation_target_tokens_per_sec": 8075.294804796558}