{"BLEU": 26.882324669371854, "chrF++": 48.1733010149638, "TER": 67.16992628089662, "AP": 0.8643678814959429, "AL": 11.574227183447197, "DAL": 12.302291953411098, "LAAL": 9.555877195099969, "ATD_text": 7.546617793349301, "total_time_sec": 489.6663116560085, "ms_per_sentence": 1.5825807558127032, "target_tokens_per_sec": 17777.573814625284, "source_tokens_per_sec": 15895.032626765136, "first_token_latency_sec": 1.4599166188812, "peak_gpu_memory_mb": 5626.43212890625, "generation_total_time_sec": 441.81883310693956, "generation_ms_per_sentence": 1.427939734032318, "generation_target_tokens_per_sec": 19702.82465956581}