{"BLEU": 27.115029314711006, "chrF++": 47.35264307551667, "TER": 67.19396172730954, "COMET": 0.7175321077422809, "AP": 0.8449848338353481, "AL": 12.41675980186455, "DAL": 13.24477256499056, "LAAL": 10.57638553062083, "ATD_text": 8.4571107228928, "total_time_sec": 48.401406837998366, "ms_per_sentence": 1.5643129452182658, "target_tokens_per_sec": 20971.725127690064, "source_tokens_per_sec": 17956.378890162487, "first_token_latency_sec": 1.4439987763952449, "peak_gpu_memory_mb": 10278.98486328125, "dataset_fraction": 0.1, "eval_dataset_size": 30941, "full_dataset_size": 309410, "generation_total_time_sec": 44.258897743995476, "generation_ms_per_sentence": 1.4304288078599747, "generation_target_tokens_per_sec": 22934.61996887872}