{"BLEU": 26.69841907135322, "chrF++": 49.09545752357134, "TER": 68.33847924428852, "AP": 0.6632980618526004, "AL": 4.470308448637609, "DAL": 5.211351467785213, "LAAL": 4.7977169106113795, "ATD_text": 3.136225085008017, "total_time_sec": 483.45188825498917, "ms_per_sentence": 1.562496002892567, "target_tokens_per_sec": 18456.798322181163, "source_tokens_per_sec": 16099.35174334212, "first_token_latency_sec": 1.4555163742414392, "peak_gpu_memory_mb": 5630.20361328125, "generation_total_time_sec": 440.48423591403116, "generation_ms_per_sentence": 1.4236263724961415, "generation_target_tokens_per_sec": 20257.192590523235}