{"BLEU": 28.211552790123132, "chrF++": 48.654921002069145, "TER": 66.01021527153456, "COMET": 0.7308822073154846, "AP": 0.7610215844723708, "AL": 8.791767543493217, "DAL": 9.62427475782818, "LAAL": 8.285845216534778, "ATD_text": 6.252536046094711, "total_time_sec": 48.399482503999025, "ms_per_sentence": 1.564250751559388, "target_tokens_per_sec": 21097.911530678637, "source_tokens_per_sec": 17957.09282487037, "first_token_latency_sec": 1.444940784805825, "peak_gpu_memory_mb": 10382.89892578125, "dataset_fraction": 0.1, "eval_dataset_size": 30941, "full_dataset_size": 309410, "generation_total_time_sec": 44.27777826200327, "generation_ms_per_sentence": 1.4310390181960269, "generation_target_tokens_per_sec": 23061.861730227676}