{"BLEU": 27.58208679744893, "chrF++": 48.950269590266885, "TER": 66.35169017183394, "AP": 0.8286708569453043, "AL": 9.897052719491766, "DAL": 10.655608060269518, "LAAL": 8.594299219026185, "ATD_text": 6.632959032196819, "total_time_sec": 489.0630717870081, "ms_per_sentence": 1.580631110135445, "target_tokens_per_sec": 17849.89197426438, "source_tokens_per_sec": 15914.63851801448, "first_token_latency_sec": 1.4596040548418805, "peak_gpu_memory_mb": 5630.16455078125, "generation_total_time_sec": 441.72392659705656, "generation_ms_per_sentence": 1.427633000216724, "generation_target_tokens_per_sec": 19762.84840907726}