{"BLEU": 24.737092017213616, "chrF++": 48.361813373433925, "TER": 63.91971351518635, "COMET": 0.8621247221451462, "AP": 1.0, "AL": 27.9849709114415, "DAL": 27.9849709114415, "LAAL": 15.960123021300307, "ATD_text": 13.564768754709846, "total_time_sec": 452.85565478100034, "ms_per_sentence": 73.182878923885, "target_tokens_per_sec": 456.227051200042, "source_tokens_per_sec": 382.39778651708565, "first_token_latency_sec": 0.33524107533948044, "peak_gpu_memory_mb": 33835.3310546875, "dataset_fraction": 0.02, "eval_dataset_size": 6188, "full_dataset_size": 309410, "generation_total_time_sec": 451.78584231899003, "generation_ms_per_sentence": 73.00999391063188, "generation_target_tokens_per_sec": 457.3073802833412}