{"BLEU": 23.38165940891821, "chrF++": 47.15128857816179, "TER": 66.25580264379504, "COMET": 0.855480401157254, "AP": 0.848686448020612, "AL": 12.82826743032325, "DAL": 13.780760043856564, "LAAL": 11.052068987048585, "ATD_text": 8.692354689788802, "total_time_sec": 384.5261932700014, "ms_per_sentence": 62.14062593245013, "target_tokens_per_sec": 539.5757262608995, "source_tokens_per_sec": 450.3490348143986, "first_token_latency_sec": 0.1132925825449702, "peak_gpu_memory_mb": 33835.3349609375, "dataset_fraction": 0.02, "eval_dataset_size": 6188, "full_dataset_size": 309410, "generation_total_time_sec": 383.432870274999, "generation_ms_per_sentence": 61.96394154411749, "generation_target_tokens_per_sec": 541.1142760170617}