{"BLEU": 24.18647509308094, "chrF++": 48.47302966871202, "TER": 66.8696762231864, "AP": 0.7160963418863827, "AL": 7.183653529765596, "DAL": 8.026309747417146, "LAAL": 7.201687193266304, "ATD_text": 5.201066335585876, "total_time_sec": 894.2490125220002, "ms_per_sentence": 57.80536603244991, "target_tokens_per_sec": 584.3338853976588, "source_tokens_per_sec": 485.98879497147686, "first_token_latency_sec": 0.08207871607400133, "peak_gpu_memory_mb": 33836.6005859375, "dataset_fraction": 0.05, "eval_dataset_size": 15470, "full_dataset_size": 309410, "generation_total_time_sec": 892.4769944329987, "generation_ms_per_sentence": 57.69082058390425, "generation_target_tokens_per_sec": 585.4940836116184}