{"BLEU": 21.865055883872092, "chrF++": 44.990240092454684, "TER": 72.38246848476099, "AP": 0.668538694421978, "AL": 5.380601911609738, "DAL": 6.1878659497313135, "LAAL": 5.895176436787966, "ATD_text": 4.054040688155232, "total_time_sec": 882.6842730850003, "ms_per_sentence": 57.057806922107325, "target_tokens_per_sec": 610.5988476675838, "source_tokens_per_sec": 492.3561156030131, "first_token_latency_sec": 0.08374583726641233, "peak_gpu_memory_mb": 33836.6005859375, "dataset_fraction": 0.05, "eval_dataset_size": 15470, "full_dataset_size": 309410, "generation_total_time_sec": 880.7427427880029, "generation_ms_per_sentence": 56.93230399405319, "generation_target_tokens_per_sec": 611.9448663225949}