{"BLEU": 25.4575690430634, "chrF++": 49.776936715743496, "TER": 64.6444229994757, "AP": 0.8092358949087666, "AL": 10.789756766077314, "DAL": 11.67643589105353, "LAAL": 9.694660608221982, "ATD_text": 7.572196191129393, "total_time_sec": 926.0857214170001, "ms_per_sentence": 59.863330408338726, "target_tokens_per_sec": 556.1331830189102, "source_tokens_per_sec": 469.28161178754374, "first_token_latency_sec": 0.10135219449803269, "peak_gpu_memory_mb": 33836.6005859375, "dataset_fraction": 0.05, "eval_dataset_size": 15470, "full_dataset_size": 309410, "generation_total_time_sec": 924.3075444730002, "generation_ms_per_sentence": 59.748386843762134, "generation_target_tokens_per_sec": 557.2030684804654}