{"BLEU": 25.07726658446028, "chrF++": 49.46243557028701, "TER": 65.25801083561925, "AP": 0.7652130919932695, "AL": 8.986705147921453, "DAL": 9.8615986845703, "LAAL": 8.503882164629779, "ATD_text": 6.433263686819541, "total_time_sec": 909.6042657459998, "ms_per_sentence": 58.797948658435665, "target_tokens_per_sec": 569.0353700963569, "source_tokens_per_sec": 477.7846986497724, "first_token_latency_sec": 0.0947225600998768, "peak_gpu_memory_mb": 33836.6005859375, "dataset_fraction": 0.05, "eval_dataset_size": 15470, "full_dataset_size": 309410, "generation_total_time_sec": 907.7198323800026, "generation_ms_per_sentence": 58.67613654686507, "generation_target_tokens_per_sec": 570.2166919090914}