{"BLEU": 23.108146446826368, "chrF++": 46.957740975795105, "TER": 66.49984526283214, "COMET": 0.8529490798605821, "AP": 0.8104716952047466, "AL": 11.050919738521648, "DAL": 12.007702751502794, "LAAL": 10.013299134541157, "ATD_text": 7.660482137425673, "total_time_sec": 378.25588135900034, "ms_per_sentence": 61.12732407223664, "target_tokens_per_sec": 548.6259704790765, "source_tokens_per_sec": 457.81442810044365, "first_token_latency_sec": 0.10450062079314258, "peak_gpu_memory_mb": 33835.3349609375, "dataset_fraction": 0.02, "eval_dataset_size": 6188, "full_dataset_size": 309410, "generation_total_time_sec": 377.136761786991, "generation_ms_per_sentence": 60.94647087701858, "generation_target_tokens_per_sec": 550.2539689228415}