{"BLEU": 20.603161368443583, "chrF++": 43.45404302080722, "TER": 71.95189884610284, "COMET": 0.801108522233496, "AP": 0.6651442012714601, "AL": 5.704618068339502, "DAL": 6.525822727951524, "LAAL": 6.172431494087925, "ATD_text": 3.9802081689979234, "total_time_sec": 358.59857836399897, "ms_per_sentence": 57.95064291596622, "target_tokens_per_sec": 594.2159641907615, "source_tokens_per_sec": 482.9104476376956, "first_token_latency_sec": 0.08875721319028851, "peak_gpu_memory_mb": 33835.3349609375, "dataset_fraction": 0.02, "eval_dataset_size": 6188, "full_dataset_size": 309410, "generation_total_time_sec": 357.5964480100083, "generation_ms_per_sentence": 57.78869554137174, "generation_target_tokens_per_sec": 595.8811984453387}