{"BLEU": 25.738271513335775, "chrF++": 50.027169281198006, "TER": 64.28652842260435, "AP": 0.8476160609807121, "AL": 12.585488152997682, "DAL": 13.462794232915982, "LAAL": 10.734677640970693, "ATD_text": 8.608560630127892, "total_time_sec": 941.2817391730005, "ms_per_sentence": 60.84561985604398, "target_tokens_per_sec": 546.8022788290839, "source_tokens_per_sec": 461.7055467174263, "first_token_latency_sec": 0.10980770974500942, "peak_gpu_memory_mb": 33836.6005859375, "dataset_fraction": 0.05, "eval_dataset_size": 15470, "full_dataset_size": 309410, "generation_total_time_sec": 939.5443850199972, "generation_ms_per_sentence": 60.73331512734307, "generation_target_tokens_per_sec": 547.8133957333429}