{"BLEU": 22.166982217423154, "chrF++": 46.02900101147624, "TER": 67.98443786197444, "COMET": 0.8356065189329824, "AP": 0.7159320849029001, "AL": 7.486718625066884, "DAL": 8.373373398090527, "LAAL": 7.527787067562764, "ATD_text": 5.234412410831671, "total_time_sec": 365.7601737139994, "ms_per_sentence": 59.10797894537805, "target_tokens_per_sec": 571.3607303878019, "source_tokens_per_sec": 473.45504635342945, "first_token_latency_sec": 0.0851414568902468, "peak_gpu_memory_mb": 33835.3349609375, "dataset_fraction": 0.02, "eval_dataset_size": 6188, "full_dataset_size": 309410, "generation_total_time_sec": 364.76441686500766, "generation_ms_per_sentence": 58.94706154896698, "generation_target_tokens_per_sec": 572.9204668484423}