{"BLEU": 22.81648116414791, "chrF++": 46.7628583598573, "TER": 66.77483531544277, "COMET": 0.8474199395258348, "AP": 0.7657104511981347, "AL": 9.268819181794266, "DAL": 10.198099918550765, "LAAL": 8.835856432810974, "ATD_text": 6.492234136891651, "total_time_sec": 371.8413667989953, "ms_per_sentence": 60.090718616515076, "target_tokens_per_sec": 558.3267988368447, "source_tokens_per_sec": 465.7120359973567, "first_token_latency_sec": 0.09786558077450351, "peak_gpu_memory_mb": 33835.3349609375, "dataset_fraction": 0.02, "eval_dataset_size": 6188, "full_dataset_size": 309410, "generation_total_time_sec": 370.78806788899965, "generation_ms_per_sentence": 59.920502244505435, "generation_target_tokens_per_sec": 559.91283964982}