{"BLEU": 29.889475783855506, "chrF++": 53.06821204702473, "TER": 60.902214584468815, "COMET": 0.7989660362107699, "AP": 0.8462996549441085, "AL": 12.325539510623138, "DAL": 13.17494855938315, "LAAL": 10.446266665577111, "ATD_text": 8.401643112063635, "total_time_sec": 213.44665724600054, "ms_per_sentence": 3.4492527268995916, "target_tokens_per_sec": 9469.611874363862, "source_tokens_per_sec": 8152.898820028756, "first_token_latency_sec": 3.3565940081064096, "peak_gpu_memory_mb": 10472.93017578125, "dataset_fraction": 0.2, "eval_dataset_size": 61882, "full_dataset_size": 309410, "generation_total_time_sec": 203.75223734198516, "generation_ms_per_sentence": 3.2925929566268892, "generation_target_tokens_per_sec": 9920.170822995424}