{"BLEU": 29.16724953263533, "chrF++": 52.11881476921527, "TER": 62.368827626892845, "AP": 0.7849989888623009, "AL": 8.110599634581826, "DAL": 8.903721450560788, "LAAL": 7.537597769546901, "ATD_text": 5.587184582500207, "total_time_sec": 1011.8901819169987, "ms_per_sentence": 3.270386160489314, "target_tokens_per_sec": 8641.153117460752, "source_tokens_per_sec": 7691.805038818363, "first_token_latency_sec": 0.032386097265149925, "peak_gpu_memory_mb": 6292.34619140625}