{"BLEU": 28.765476790306927, "chrF++": 51.86014871658101, "TER": 63.29153741443966, "AP": 0.7311533928420012, "AL": 6.286514619297216, "DAL": 7.081706860251458, "LAAL": 6.266237743432168, "ATD_text": 4.415255274004195, "total_time_sec": 1013.7510298399993, "ms_per_sentence": 3.2764003420703895, "target_tokens_per_sec": 8723.949707252912, "source_tokens_per_sec": 7677.685911923005, "first_token_latency_sec": 0.032488777435660796, "peak_gpu_memory_mb": 5195.20947265625}