{"BLEU": 29.41227359889846, "chrF++": 52.22526183989654, "TER": 61.863045428279214, "AP": 0.8274705133932596, "AL": 9.88989582080969, "DAL": 10.645150118598098, "LAAL": 8.62921553453847, "ATD_text": 6.598839580350782, "total_time_sec": 1048.4227306430002, "ms_per_sentence": 3.388457808871724, "target_tokens_per_sec": 8235.326026081753, "source_tokens_per_sec": 7423.782194446038, "first_token_latency_sec": 3.328208020951964, "peak_gpu_memory_mb": 2891.00537109375, "generation_total_time_sec": 1006.2614807110003, "generation_ms_per_sentence": 3.252194436866941, "generation_target_tokens_per_sec": 8580.377134081838}