{"BLEU": 29.873770656073944, "chrF++": 53.07475750026356, "TER": 61.023134649158074, "COMET": 0.7983951335979057, "AP": 0.8089576976839544, "AL": 10.562355470906882, "DAL": 11.424417765846163, "LAAL": 9.39735035881629, "ATD_text": 7.379250903509719, "total_time_sec": 208.71737950899842, "ms_per_sentence": 3.372828601354165, "target_tokens_per_sec": 9704.740471373505, "source_tokens_per_sec": 8337.633426089342, "first_token_latency_sec": 3.2903471375006106, "peak_gpu_memory_mb": 10472.93017578125, "dataset_fraction": 0.2, "eval_dataset_size": 61882, "full_dataset_size": 309410, "generation_total_time_sec": 199.7331819320243, "generation_ms_per_sentence": 3.227645873307655, "generation_target_tokens_per_sec": 10141.269369499954}