{"BLEU": 29.311750805265945, "chrF++": 52.60655181481461, "TER": 62.25159514215057, "COMET": 0.7902489171994399, "AP": 0.7140451139174545, "AL": 6.9540517625239255, "DAL": 7.777553168157604, "LAAL": 6.886451453430553, "ATD_text": 4.978131236374397, "total_time_sec": 200.55982798399782, "ms_per_sentence": 3.241004298245012, "target_tokens_per_sec": 10198.93176296105, "source_tokens_per_sec": 8676.757541589272, "first_token_latency_sec": 3.1536270302788427, "peak_gpu_memory_mb": 10784.95361328125, "dataset_fraction": 0.2, "eval_dataset_size": 61882, "full_dataset_size": 309410, "generation_total_time_sec": 191.4359983409813, "generation_ms_per_sentence": 3.0935651456155475, "generation_target_tokens_per_sec": 10685.012316004488}