{"BLEU": 29.458881064650594, "chrF++": 52.23067389864294, "TER": 61.59669920236366, "AP": 0.8645648441505203, "AL": 11.556809997125944, "DAL": 12.296640855092992, "LAAL": 9.617957322435474, "ATD_text": 7.552485365416098, "total_time_sec": 1012.790969747999, "ms_per_sentence": 3.2732974685627454, "target_tokens_per_sec": 8524.512222051293, "source_tokens_per_sec": 7684.963859755403, "first_token_latency_sec": 0.032240986032867916, "peak_gpu_memory_mb": 6292.34619140625}