{"BLEU": 29.473671930745805, "chrF++": 52.222402625305875, "TER": 61.59873016487063, "AP": 0.8632399961447056, "AL": 11.568563721590648, "DAL": 12.2930216211215, "LAAL": 9.600158777985051, "ATD_text": 7.5149718726080454, "total_time_sec": 1068.6120153910006, "ms_per_sentence": 3.453708721085293, "target_tokens_per_sec": 8041.17198406748, "source_tokens_per_sec": 7283.524691748986, "first_token_latency_sec": 3.394643980237157, "peak_gpu_memory_mb": 2891.00537109375, "generation_total_time_sec": 1026.3444075059924, "generation_ms_per_sentence": 3.317101604686314, "generation_target_tokens_per_sec": 8372.32895425489}