{"BLEU": 26.51217614723366, "chrF++": 50.60682689603566, "TER": 66.36694656876138, "AP": 0.6660709003412466, "AL": 4.457119921405012, "DAL": 5.2114228167787395, "LAAL": 4.817443593593854, "ATD_text": 3.158894270754816, "total_time_sec": 979.7127206869999, "ms_per_sentence": 3.166389970223974, "target_tokens_per_sec": 9142.17077197827, "source_tokens_per_sec": 7944.432929830875, "first_token_latency_sec": 3.116273010637119, "peak_gpu_memory_mb": 2891.00537109375, "generation_total_time_sec": 942.2138807370022, "generation_ms_per_sentence": 3.0451953095795297, "generation_target_tokens_per_sec": 9506.016821779407}