{"BLEU": 29.75205578702563, "chrF++": 52.97620330969459, "TER": 61.35750146186203, "COMET": 0.7964409623005025, "AP": 0.7646978914950764, "AL": 8.766387713415524, "DAL": 9.619166527078113, "LAAL": 8.209991993805833, "ATD_text": 6.227771189269054, "total_time_sec": 204.1782426369973, "ms_per_sentence": 3.2994771118741686, "target_tokens_per_sec": 9950.918245545927, "source_tokens_per_sec": 8522.989411236476, "first_token_latency_sec": 3.221931777166818, "peak_gpu_memory_mb": 10784.95361328125, "dataset_fraction": 0.2, "eval_dataset_size": 61882, "full_dataset_size": 309410, "generation_total_time_sec": 195.58010189301422, "generation_ms_per_sentence": 3.160532980398407, "generation_target_tokens_per_sec": 10388.382971144014}