{"BLEU": 28.03211591918374, "chrF++": 51.533982239489504, "TER": 64.83201740931244, "COMET": 0.7705645415633228, "AP": 0.6599331161299984, "AL": 5.1354822455818585, "DAL": 5.9194275749997125, "LAAL": 5.456245626186718, "ATD_text": 3.7085361880103966, "total_time_sec": 194.41029191800044, "ms_per_sentence": 3.141629099221105, "target_tokens_per_sec": 10691.707622540453, "source_tokens_per_sec": 8951.218491734975, "first_token_latency_sec": 3.0665777820090376, "peak_gpu_memory_mb": 10784.95361328125, "dataset_fraction": 0.2, "eval_dataset_size": 61882, "full_dataset_size": 309410, "generation_total_time_sec": 186.1567630050049, "generation_ms_per_sentence": 3.008253821870736, "generation_target_tokens_per_sec": 11165.739919661777}