{"BLEU": 29.15972820267647, "chrF++": 52.1051297369162, "TER": 62.37521065191479, "AP": 0.7830317454912569, "AL": 8.127549068749182, "DAL": 8.898381063434202, "LAAL": 7.507694712560046, "ATD_text": 5.5479142130859325, "total_time_sec": 1027.307233174, "ms_per_sentence": 3.3202134164183446, "target_tokens_per_sec": 8455.920214988568, "source_tokens_per_sec": 7576.3722367188975, "first_token_latency_sec": 3.2599117223853082, "peak_gpu_memory_mb": 2891.00537109375, "generation_total_time_sec": 985.617067557002, "generation_ms_per_sentence": 3.185472568944126, "generation_target_tokens_per_sec": 8813.59331726224}