{"BLEU": 29.489365020554242, "chrF++": 52.25780140718085, "TER": 61.685771415169846, "AP": 0.8463807692628312, "AL": 10.74056158963233, "DAL": 11.482468849313264, "LAAL": 9.132365275171225, "ATD_text": 7.075138220135573, "total_time_sec": 1063.1556936439993, "ms_per_sentence": 3.436074120564944, "target_tokens_per_sec": 8102.712567407433, "source_tokens_per_sec": 7320.905156725095, "first_token_latency_sec": 3.3621537817462466, "peak_gpu_memory_mb": 2890.50537109375, "generation_total_time_sec": 1016.5325524010077, "generation_ms_per_sentence": 3.285390105041879, "generation_target_tokens_per_sec": 8474.342488740807}