{"BLEU": 29.36294505019259, "chrF++": 52.115547064167764, "TER": 61.54652959281619, "AP": 0.8929896356011465, "AL": 13.143202755272155, "DAL": 13.837031372177147, "LAAL": 10.450569381237331, "ATD_text": 8.33661512828651, "total_time_sec": 1012.2231241789959, "ms_per_sentence": 3.271462215762244, "target_tokens_per_sec": 8485.004733483265, "source_tokens_per_sec": 7689.275036383827, "first_token_latency_sec": 0.032204418526942995, "peak_gpu_memory_mb": 6292.34619140625}