{"BLEU": 26.46772356104322, "chrF++": 50.598381447738184, "TER": 66.40140039700482, "AP": 0.6689820309623464, "AL": 4.434568426688336, "DAL": 5.21952747289322, "LAAL": 4.865901131395156, "ATD_text": 3.1874102160979274, "total_time_sec": 1021.9647502910011, "ms_per_sentence": 3.302946738279309, "target_tokens_per_sec": 8840.919412755951, "source_tokens_per_sec": 7615.978924697492, "first_token_latency_sec": 0.03255845170740476, "peak_gpu_memory_mb": 6292.34619140625}