{"BLEU": 28.769817528493657, "chrF++": 51.84776821856022, "TER": 63.293108992570055, "AP": 0.7287185663213963, "AL": 6.306387438869035, "DAL": 7.074938431202773, "LAAL": 6.227929738394046, "ATD_text": 4.378099030327806, "total_time_sec": 1003.6019329889998, "ms_per_sentence": 3.243598891402992, "target_tokens_per_sec": 8744.39726701502, "source_tokens_per_sec": 7755.327828852747, "first_token_latency_sec": 3.1882177971003594, "peak_gpu_memory_mb": 2891.00537109375, "generation_total_time_sec": 963.946222163002, "generation_ms_per_sentence": 3.1154333155457223, "generation_target_tokens_per_sec": 9104.132365712005}