{"BLEU": 29.416576352803666, "chrF++": 52.24589823180732, "TER": 61.84878033448018, "AP": 0.8291149976144891, "AL": 9.875570081412723, "DAL": 10.649619524915087, "LAAL": 8.652578685748866, "ATD_text": 6.6389357004493, "total_time_sec": 1012.4840436359991, "ms_per_sentence": 3.2723054963834364, "target_tokens_per_sec": 8575.98502868028, "source_tokens_per_sec": 7687.293492595703, "first_token_latency_sec": 0.03222538689049144, "peak_gpu_memory_mb": 6292.34619140625}